voltage,current,temperature,cycle,soh,rul
3.7536464659169178,0.8382693629265134,24.6463104891636,1,0.9994938128706935,0.485829681268051
3.7426331716077694,0.7111419250781433,23.727128857669726,2,0.99564581705291,0.4764586107833423
3.728267725882163,0.7958802644375238,24.41563051335559,3,0.9933517518525015,0.47087184621613737
3.7532447437857126,0.8324980399133968,24.632432814023904,4,1.0,0.48706240487062386
3.7509826997120848,0.7542467754510125,24.77947599744586,5,0.9950594363759013,0.4750305908697748
3.7403485655997812,0.6687398377744593,25.450323306876335,6,0.9976812537016475,0.48141553412882176
3.756789641943,0.813451868149109,23.9288346521203,7,1.0,0.48706240487062386
3.749810585475955,0.7456497912775819,23.542752415780118,8,0.9965600287951453,0.47868500163201266
3.746649251229809,0.8722489670786656,24.059010411300378,9,1.0,0.48706240487062386
3.7573963843398075,0.7931984675468519,24.84414663700346,10,1.0,0.48706240487062386
3.738825741669998,0.8086245517175247,24.789166782586175,11,0.99310505650685,0.4702710660745204
3.7469508210650853,0.7440407286913462,23.568624651207298,12,0.9966076278675281,0.4788009202253346
3.7412045153162374,0.7478034583517985,23.894336953096786,13,0.9925058081852296,0.46881170943130485
3.741460815722407,0.8255186834693286,24.409947261920678,14,0.993645359819756,0.47158687322923815
3.7395341511849085,0.7550574153092453,23.4857172734761,15,0.9891438296714389,0.4606242427310534
3.7506525631502634,0.7437537089132829,25.645224963973053,16,0.984706621845413,0.4498182571577789
3.7451450333575815,0.826317450478995,24.141093634942923,17,0.996038658899689,0.47741530325647236
3.7340348417176474,0.8148293409051179,25.25849404237927,18,0.9844050821979209,0.44908391402842207
3.7411505005399266,0.8435717308518119,23.496918113540033,19,0.9848045231207011,0.45005667731068744
3.748754516143176,0.8091654334990532,23.580181809860125,20,0.9998133333032853,0.4866078132195682
3.753090198152564,0.8764304106238432,24.349828221470368,21,0.981433813959862,0.44184794876069866
3.7564877863840933,0.7941859960808986,24.776449612065488,22,0.9845121482578435,0.4493446532915517
3.7640927556914465,0.7571289154006551,25.269225057269765,23,0.9894737584175916,0.4614277221737388
3.7358495353856753,0.8082473172121232,23.413698800142807,24,0.9817337852524817,0.4425784724565762
3.7505112128254017,0.8699435714164236,25.028784163561753,25,0.9796491871187135,0.4375018255554665
3.7547235983695098,0.8593456060996826,26.303643180543492,26,0.98619910897368,0.4534529290074398
3.7437762061266167,0.7645349570673553,24.932490871781138,27,0.9592711873263425,0.3878750376288401
3.7489822668583996,0.7432921393128716,23.09816035908217,28,0.9782199257768397,0.4340211282236581
3.751356085431002,0.7929079374259557,23.66057854031009,29,0.987248973358791,0.45600967636844064
3.749985222111362,0.7746056228047721,24.25701382003264,30,0.9892716581938955,0.4609355450688474
3.7420764438366105,0.760006752694216,24.133411992910244,31,0.992025402260738,0.46764177110681987
3.7608332132568654,0.7429760638036585,23.875988909404008,32,1.0,0.48706240487062386
3.7337086076010007,0.7553824297215249,24.54488031275007,33,0.9674404265386136,0.4077696841123009
3.743759572487871,0.820206949416094,24.58587418130205,34,0.9711010815972517,0.41668452139361134
3.762132374167024,0.8151897394905323,23.72144821972134,35,0.9715261010500148,0.4177195763775093
3.7338437246217135,0.7567506860073724,25.677341516522983,36,0.9748948473591393,0.4259235247711154
3.7474579074346104,0.7395072377348794,23.978454858967023,37,0.9710935688842139,0.41666622559321487
3.729992121216172,0.7808514361280798,24.28399861995837,38,0.9730744072159008,0.4214901850006714
3.7348791998122994,0.8113161937537129,23.78994139211404,39,0.9836392802598809,0.44721894736044043
3.7354865678791365,0.8161637916324967,25.01077589309068,40,0.9666305487313108,0.40579737894991963
3.755598412759471,0.8597818624627527,23.490328780102185,41,0.9726107946627898,0.42036114377543915
3.726498926411346,0.9277739808348482,25.082928158205284,42,0.9717618793243897,0.41829377004417573
3.7241232323051077,0.8175076745832439,24.036521989701843,43,0.9911658783001441,0.4655485620703661
3.730242688389028,0.7974231744068339,24.413883857956417,44,0.980742727591301,0.4401649378174756
3.747192514251253,0.799894594425175,25.674395637942,45,0.9583527826302548,0.3856384356292353
3.754286643905644,0.7291825597846183,24.589915090593454,46,0.9636264210232405,0.39848139061976356
3.736896764466526,0.8389291112195745,23.19338859629363,47,0.9836178635892691,0.4471667910849777
3.7436763428279156,0.8243807425405986,25.520059005895895,48,0.9617326590993475,0.3938694894352448
3.7403092200738013,0.8267412074107622,24.549922234150362,49,0.9578338281719208,0.3843746195967627
3.742828934479296,0.8001335875294571,23.547639688048335,50,0.9745093159740332,0.424984635553201
3.7476457470469984,0.785941942207923,23.44065990411313,51,0.9739847706752798,0.4237072040798288
3.735413414451399,0.8319305663166083,24.26173248978717,52,0.9715410518314802,0.41775598619538545
3.745589717677587,0.8520172457818947,24.735359351203915,53,0.9600246873071229,0.3897100451923843
3.749382861301067,0.8031589342510058,23.613798873445408,54,0.9673190960989916,0.4074742066337693
3.755819609512125,0.7465878713658392,23.295636394120603,55,0.9710359083509008,0.41652580420310686
3.737731698203659,0.8564727371539578,26.41762414474394,56,0.9534444765816168,0.373685178889782
3.744048675724398,0.8129998434006205,24.440740359459195,57,0.9647491945411554,0.401215694468567
3.761395214128563,0.8209105356400958,25.01761516531837,58,0.9689219060210369,0.41137754890967876
3.7293940667736383,0.7727240719312806,25.26912894334226,59,0.9609068469164874,0.3918583790964685
3.7464905416151364,0.8066056593004434,24.902613963774165,60,0.9660079049796795,0.4042810471346835
3.7396913521968242,0.8112816680822355,25.23991434653704,61,0.9526864042861766,0.3718390363133674
3.745531850129233,0.7624224775988329,23.93485766660535,62,0.9559049176388033,0.3796771205815603
3.755531860567514,0.8770835756385817,23.869134413515415,63,0.9625243822727073,0.3957975823992871
3.739452082008374,0.8271293136159923,24.34770245915829,64,0.9349275664282236,0.3285907249393572
3.74046541256971,0.8277148014394282,23.049259168484046,65,0.9435908173580454,0.34968844409874056
3.7287446647360225,0.7850612430775072,23.762341864161492,66,0.927083898118517,0.30948894518969117
3.7314189716326105,0.850668284116849,25.604047882020044,67,0.9449149762649725,0.3529131842069343
3.7490121181755067,0.7902563974501103,23.976347473154014,68,0.9624839531912396,0.39569912497105514
3.754622776836633,0.8821630103132151,23.92637293905199,69,0.9597212909328444,0.3889711803539589
3.7422513794227488,0.8236432179406309,24.849995023094067,70,0.9518601775362746,0.36982691637448906
3.7323938235559933,0.9272487943338641,25.375225984412697,71,0.9252385282315969,0.30499489371469557
3.740844304673993,0.755676675584564,22.959048923687543,72,0.9313018953055587,0.3197610844579815
3.742881983634911,0.7920213924397734,24.36999999255043,73,0.9462128112911964,0.35607381745192407
3.7285783220234188,0.7997461502645196,24.262757696358058,74,0.9353049467800203,0.32950976384784225
3.7363008977703136,0.8089565555303467,24.581212615508658,75,0.944688034957704,0.35236051131252105
3.76232626545016,0.7512304377711583,25.779298986210645,76,0.9458304221354785,0.35514258054302217
3.733489134740865,0.7825892217253533,23.927385114424897,77,0.9407532351329355,0.3427780459858398
3.7370780019577867,0.7440275762746662,24.099158586003256,78,0.944904924371597,0.3528887047101295
3.7316702656780936,0.8656153243331981,25.061438228178577,79,0.9257297877044398,0.3061912638159872
3.7439240324346588,0.7917395061830915,22.928058554767098,80,0.9402003809524297,0.3414316735523402
3.7290781895798504,0.8407174005885911,23.723953008587426,81,0.9258966559813211,0.3065976401371593
3.7384736155406864,0.7736503867735954,23.45507786825693,82,0.9435381465665857,0.3495601742869666
3.7385205523694847,0.8136806027782681,24.095007859190062,83,0.9123542906295767,0.2736177549578732
3.741654361817097,0.7826595578951538,26.071615052973918,84,0.9234513349183674,0.3006425203491442
3.727478196720934,0.8248038784721946,24.036156412879986,85,0.947644037907838,0.3595593008410056
3.7256834747766363,0.8591222223681789,24.351001763546822,86,0.9357561858428587,0.33060867176343045
3.735417992294329,0.7903251097431435,24.75566970154288,87,0.9086739810423154,0.2646550527666737
3.734211893865445,0.8145520736473225,24.51297919718301,88,0.9328058835180585,0.32342376503636755
3.736496308811973,0.8383475119792999,24.23560627751322,89,0.9295436336862066,0.3154791687944148
3.7244678803023334,0.816559668355598,24.081083677729445,90,0.9188716984004481,0.28948967646988877
3.7231877547988237,0.8377843879123936,25.620393223221356,91,0.9164573295805742,0.2836099350516266
3.721108576581484,0.8013356030699232,24.861340645116982,92,0.9030140849277721,0.2508714397023369
3.744319036937887,0.8285060395577103,25.004241267224145,93,0.9170973280974598,0.2851685311353662
3.721281351301001,0.7159170476876113,25.747948097498245,94,0.9131181136517716,0.27547790234830216
3.747818806623708,0.8508897698575162,24.656890058098437,95,0.915079310419702,0.28025402841936553
3.7239343929865143,0.8155081084068414,24.248537833052424,96,0.9098800842409471,0.2675922903889122
3.711604289818919,0.7406146929132364,24.721732366125224,97,0.9011513383689794,0.24633507060938659
3.735238707785632,0.908110226225444,23.370490253342176,98,0.9217758551931963,0.29656220442787506
3.7260070696590515,0.8357054522972103,24.16456120180595,99,0.9249661646543534,0.3043316034200387
3.7362742088899465,0.9201872074973123,23.654376270482185,100,0.9266211964714053,0.30836212230479204
3.7177288358658274,0.7912475294665381,25.322817022154574,101,0.9120008153745451,0.27275693241898347
3.72260357014172,0.8594907307593255,24.74399426906544,102,0.9224480634496525,0.2981992412776923
3.7302515223366632,0.8806398358716713,24.222566474372897,103,0.9066556089074927,0.25973968683712073
3.73731191591516,0.8604331005113657,24.6032625545154,104,0.9153702982182771,0.28096267450417545
3.7144531145152277,0.7724781073860052,24.96055669880644,105,0.9076317136020244,0.2621168063367413
3.7174756575919883,0.876407806559963,24.845030289500134,106,0.8865204609936013,0.21070431901029216
3.7519628048143345,0.8223394922165048,26.48268782222393,107,0.9056371524652143,0.25725942761695997
3.751065750595676,0.8364150258161568,25.003444360160344,108,0.9062142764225324,0.2586649045297591
3.7247659720594166,0.9052438668963727,25.526957539783567,109,0.8854620407177731,0.20812673538574872
3.731068052647186,0.8753433396191549,25.224880879136258,110,0.8616170267722815,0.15005668620342508
3.7128715228782387,0.8904567205383985,24.494090642881005,111,0.8917974255595055,0.223555374269724
3.7508590488574862,0.880684926810077,25.178431629983272,112,0.9179990956107721,0.2873646164037066
3.727016776659414,0.8649086160523558,24.099923879774845,113,0.9011337173116768,0.2462921578366557
3.7077857805039103,0.8693355459969788,24.915370178284945,114,0.8958238338654656,0.23336093483218398
3.727573025153437,0.8695869785226505,26.083333567880523,115,0.8957170000886072,0.2331007612507937
3.731180645981777,0.7707461969225429,24.148127676608226,116,0.8824229810947687,0.20072567694311996
3.7208995912932528,0.7458805376821291,25.636986341939195,117,0.898931748734477,0.24092967728335332
3.7236608099853945,0.9038021481005233,25.239386883688823,118,0.8881564918782496,0.21468856469588937
3.7225756905042036,0.922999943759746,25.06938454486222,119,0.8939012567689829,0.22867885971137378
3.717850292057072,0.9038779666819473,24.47556130299678,120,0.8860669575265179,0.20959989656381814
3.7178247524079584,0.865500448361853,24.26451282625583,121,0.8823208036201601,0.20047684291058757
3.719661257503933,0.9186616886417139,25.948020371157856,122,0.8707556623084736,0.1723121152108944
3.7184787178047047,0.8145569832298976,26.08620104608751,123,0.8854049115918645,0.20798760813848272
3.7185956814315055,0.8194649922631005,23.875546457858995,124,0.8880489520324605,0.21442667161634196
3.713419819082296,0.9342653549457288,24.750001100832712,125,0.8825987871282228,0.2011538194903446
3.723241384872305,0.7933865564766758,23.874795655960682,126,0.8881885754368187,0.21476669817185673
3.718261035774811,0.9023049033882147,24.160326735582508,127,0.8869456882046259,0.21173987995038265
3.744382358597288,0.8964379111138461,26.402632690216358,128,0.8686274654727162,0.1671292918665842
3.7150169136774247,0.7646393720592961,26.166933385298528,129,0.8856334453474762,0.20854415914149452
3.736511980026937,0.8467636111185461,23.779518246006134,130,0.909906276980556,0.2676560778826325
3.719553497582394,0.8334457850471425,24.486612174294077,131,0.8735139332805109,0.179029365675521
3.7068881653157826,0.8834822729878606,24.153931114256885,132,0.8762873658182091,0.1857835392833097
3.7054798293345126,0.8873067221788283,25.825299175975122,133,0.8726472244767747,0.17691865930416956
3.710750311329733,0.8950597690388471,24.801435250634448,134,0.8647493733012479,0.15768492736985779
3.723001304711256,0.9012939343675005,25.83704911427242,135,0.8775316825940853,0.18881383888970535
3.712408115261949,0.8777544661980651,25.54700396771234,136,0.8811022266411782,0.19750922774107313
3.706105336222267,0.8503251480878368,25.2061806743995,137,0.8643333075397637,0.1566716774179936
3.7058475852430375,0.8521283497022227,24.575798722689328,138,0.8667879893474655,0.16264959354025066
3.712105485740742,0.8366221752510351,24.59399403373744,139,0.8513578601143751,0.12507241428158303
3.71204052846182,0.749833409270775,26.5036585931107,140,0.8357222318498471,0.08699478076066244
3.721418069116017,0.7759580010729341,26.282707160142515,141,0.8594261404076954,0.14472119429575728
3.7335681398068896,0.8455582474548597,25.431008781033047,142,0.8672578485349579,0.16379384726930377
3.7170272823159642,0.7600747996530124,24.504007697266836,143,0.860610121548911,0.14760455780556708
3.7258086032766955,0.7782325515204501,26.246067849821497,144,0.8524011238299907,0.12761308695279297
3.7285538646721705,0.7802064873695265,25.934087286338904,145,0.8678423319710415,0.16521724680923347
3.689762522867473,0.9130409243610634,25.608215343957138,146,0.8437430003080924,0.10652785463157943
3.7206292010870343,0.8651621421084942,24.28689724687797,147,0.8525297273998574,0.12792627677286428
3.741646258751806,0.931626655911005,25.062958438277352,148,0.857548977543771,0.14014971700157314
3.7211157896833265,0.7788357704249552,25.11403566551554,149,0.8520752927745574,0.12681958666558868
3.701381534350076,0.8770495038535138,25.10074041820964,150,0.8515440166056285,0.1255257634231439
3.7165308610390624,0.8684210494472944,26.55564168875832,151,0.8440166614066164,0.10719430479541261
3.7219307362936256,0.9341278937703158,25.399571044197334,152,0.8429247927945596,0.10453526403545695
3.707409247578387,0.8165953277289182,25.406561928210035,153,0.8407850647838164,0.09932435868204902
3.7158153275949553,0.9618185922979979,25.55903905240929,154,0.8496395976895724,0.12088790913746696
3.715633823579364,0.8616327737281477,25.758835889186752,155,0.8539530008153345,0.13139239163551777
3.718736614159342,0.9219863406720279,25.121069846522914,156,0.8301848429094059,0.073509510890486
3.724802076415989,0.9471474887683283,24.74926450486855,157,0.8491530049648514,0.119702904023991
3.6932362192558217,0.901220078360074,25.212531072643,158,0.8313409004896417,0.07632487181647893
3.723071821331741,0.9466037222044421,24.646976903827674,159,0.8346659425758244,0.08442238679043979
3.7126279121284256,0.8552903125660366,23.550610932034065,160,0.844482927447256,0.10832980809072974
3.723410019106416,0.9090056008885029,24.80262805132621,161,0.8286293369973418,0.06972136863888392
3.724544276309011,0.8190147920349561,24.370968510982415,162,0.8330078560717543,0.08038442878966032
3.7329335049860033,0.8117104596389425,24.194667715379314,163,0.850590246430335,0.12320303544678218
3.7283147688142413,0.91354861183005,23.761637857957364,164,0.8385883827340758,0.09397475247263494
3.7241281762685756,0.8652442825368271,26.18540975382383,165,0.8499311128412136,0.12159783949153981
3.7191201108491003,0.8282707004512362,27.632549359500654,166,0.8418522949135055,0.10192339704963287
3.7055449384994206,0.9241296608852856,25.023135952961923,167,0.8359127959135357,0.08745886371637306
3.7070767063243117,0.8883963321067058,25.556316745129603,168,0.8282458087527749,0.06878735769321113
3.7250838982711545,0.8339210691864334,24.43417749034687,169,0.8361035438363114,0.0879233944263289
3.7048191058444324,0.8572386653867389,25.969910144459714,170,0.8244262589663329,0.059485562170673675
3.706036722951712,0.780006040802137,26.061921559961554,171,0.8128161016511035,0.031211206456264164
3.720422734577413,0.7699929942064809,25.84774060073508,172,0.8169120714934042,0.04118617106460669
3.725673029351136,0.7635940774127381,26.872740668281658,173,0.8260638281007685,0.06347355397447417
3.7110293024176917,0.8069567756192539,26.678310522293565,174,0.8116558360122446,0.028385597594507185
3.71870076851355,0.7891519225441344,25.88688358407941,175,0.8239344532694248,0.05828786184334802
3.7149600672796814,0.8508806650147064,25.654855892917638,176,0.8080207883715915,0.019533122366128412
3.7302719524934207,0.8507273628718154,25.392526894840287,177,0.8148915062024985,0.03626546411567357
3.714045859141766,0.8237740187514948,25.68490256893483,178,0.8216218363817274,0.05265591812901631
3.7099603667039243,0.8407506456979625,24.900832439540803,179,0.8145991846405606,0.03555356990090845
3.6949351730344655,0.8331676308336704,24.6903859057258,180,0.799733212238087,0.0
3.7092299604247967,0.7217461360033938,26.53516328952796,181,0.8160518621891972,0.039091293002611105
3.703738217096189,0.843090374331043,27.243694087003515,182,0.8047129348636527,0.011477466943446334
3.7088422148405398,0.7325650225497695,25.35647079640625,183,0.7984481600078076,0.0
3.7167661125381533,0.9042108404485786,25.207440438023056,184,0.7967709541901684,0.0
3.6964810293549126,0.8590618836931337,24.966355524400164,185,0.7903721205792651,0.0
3.7157885099988697,0.8839665978092704,25.280240141016748,186,0.7673814313778345,0.0
3.714722646355524,0.8183584124691311,26.581284069829437,187,0.7953164863342628,0.0
3.7106819961131516,0.8798634385925788,24.423845146422014,188,0.7869416485509939,0.0
3.7130459807211436,0.8563980467517451,24.81782101719693,189,0.7936320832794982,0.0
3.7104150768315654,0.8707992069952392,26.030478819409986,190,0.8162271291950586,0.039518122849457604
3.7209744134773435,0.853635768578316,25.93420446549845,191,0.7931524651667928,0.0
3.6975229661123135,0.8446027551206727,26.584996595777575,192,0.7865056063005873,0.0
3.7124315671472847,0.7857261588731244,26.51758453551843,193,0.7781378019866438,0.0
3.700010018714928,0.9291334823054792,26.122162003419323,194,0.7685673613717066,0.0
3.7096503453270864,0.900166999663919,25.514993658766254,195,0.795664314115251,0.0
3.696846997127006,0.8830823062395362,25.729905352150016,196,0.7862875999129064,0.0
3.7092578086176613,0.8518378672284272,25.600780508663746,197,0.7935854355398151,0.0
3.7063594463555822,0.8312455927198178,26.14395619119325,198,0.7680747749012559,0.0
3.7035701868444746,0.8835028686045796,26.874677063925237,199,0.7690734157069953,0.0
3.6962040449469002,0.8673653387827127,25.577134154169133,200,0.8022805418477884,0.005553830983959486
3.6959317544753834,0.8716918271369568,26.404055974773996,201,0.772221527414557,0.0
3.702732984597774,0.829961690672436,25.470918045288535,202,0.7670164607786701,0.0
3.7024295416133945,0.8178184961021019,26.989441143883862,203,0.7638129108989922,0.0
3.6919718939728288,0.8956255005557741,25.911869929633866,204,0.7848566029751761,0.0
3.698269334192,0.8860539125777198,27.376304741781404,205,0.7617167946539614,0.0
3.693833309169079,0.887427828575419,25.055201024110303,206,0.7595855407470078,0.0
3.7077927260247714,0.9315075714416914,25.264816280899502,207,0.7811665583772565,0.0
3.6973706133252406,0.960038680313409,26.160035649918644,208,0.7650293978623399,0.0
3.6969875934992085,0.9826724556987871,25.71772561681082,209,0.7650794995721325,0.0
3.6801919056275594,0.9168787602932228,27.094937347938576,210,0.7675873591358874,0.0
3.6980067722626107,0.8712751653355871,26.147930315784773,211,0.7659460902660146,0.0
3.698218959867744,0.8415202527783862,25.182836548829375,212,0.7813963351275862,0.0
3.686904487463789,0.9241338220145984,25.732732422316513,213,0.7625868146535898,0.0
3.7054742046461517,0.8407809472520531,26.00238917537917,214,0.7767029560567793,0.0
3.711560588915419,0.9393120534480743,24.967766795854402,215,0.7687443518539961,0.0
3.687508839600056,0.9117864805621949,26.405774179515184,216,0.7536131805944541,0.0
3.6801781259898,0.8483160066012978,25.645391140778028,217,0.751583370820293,0.0
3.6896026012370444,0.8950082827052603,27.085006902664993,218,0.7475340299409868,0.0
3.6961803102126742,0.8616186143782232,26.822825798395478,219,0.7655505713216648,0.0
3.7107194597522506,0.9798575431167476,28.37881577270122,220,0.7521354789326238,0.0
3.689586410949635,0.7875984785081677,26.710162188071244,221,0.7478782085211573,0.0
3.690679145618245,0.8271777920430038,26.991174847263856,222,0.7418472713364382,0.0
3.705809519932516,0.8813960945649422,25.3059338178169,223,0.7680436399128593,0.0
3.699079082029267,0.9125831025857306,26.238166420402596,224,0.7503235707878968,0.0
3.6869763913228746,0.8727668741130475,26.524692640896685,225,0.747953895822135,0.0
3.674254472316548,0.9184133844343696,26.424890171326613,226,0.7396106233019509,0.0
3.6813151916926947,0.9119858531746112,26.535189550900974,227,0.7507105059974976,0.0
3.681543218796898,0.9791397159749747,27.460689608381564,228,0.7687529414039467,0.0
3.6727349658644437,0.9241810921730972,26.861918235702984,229,0.7240887900957943,0.0
3.7045181336040063,0.8688007516055403,25.594532469229243,230,0.728040180404121,0.0
3.686617698660826,0.8984475718815988,26.787199512881823,231,0.7313563639407615,0.0
3.6881623622786006,0.9296593409222937,25.176288259404846,232,0.7292358084394119,0.0
3.6965305961530857,0.9210621994842288,26.557940520746172,233,0.7449255537594874,0.0
3.696789162821582,0.9108057249326282,26.56804421586727,234,0.7391589767368267,0.0
3.7033253115403517,0.9400395522409593,25.351012592092985,235,0.7248445079183259,0.0
3.680421260635055,0.8505286915027982,24.80219541841157,236,0.7378443126040043,0.0
3.6872621321848302,0.7789007294496848,25.92561543824075,237,0.7375598747294165,0.0
3.674715668793134,0.9110724643873028,26.733773962793304,238,0.7056143309901037,0.0
3.694179058745433,0.8706540992526101,26.549573317265722,239,0.7268731734795495,0.0
3.7053347086052058,0.8754752083574755,26.162709412344217,240,0.7160004181961418,0.0
3.6955575944428576,1.0233714450999967,26.801288798580384,241,0.7133536549780136,0.0
3.7106429698207406,0.8512861534593907,26.767413695764223,242,0.723418232821032,0.0
3.677075093178489,0.9424610158278196,25.022098401272537,243,0.7050995112656251,0.0
3.663692239901461,0.9224477050435185,26.352939194829766,244,0.7256632739726366,0.0
3.6910086067072823,0.9013982109982346,26.3821207050784,245,0.7227341886703048,0.0
3.6648228897120187,0.8155224880814586,27.61575735819535,246,0.7019234841349823,0.0
3.6758583816377266,0.9347649745357667,25.682586626838408,247,0.7131941244510249,0.0
3.6958373813631047,0.9136430998819783,27.04409300196946,248,0.7002784165245858,0.0
3.6918242805370034,0.8995710753605983,25.160644225504868,249,0.720027518630875,0.0
3.6991735295141326,0.9015916886096685,26.587046050427936,250,0.7139046453996823,0.0
3.6586352503808235,0.8193102194974845,26.708365309691075,251,0.6827456687437575,0.0
3.7002112348635103,0.9734869228410274,26.752834127518177,252,0.6955898452983936,0.0
3.6983903490451233,0.8845868525415701,28.046775940777326,253,0.6984789705846447,0.0
3.6814107356838486,0.8303568405534969,25.234806556100487,254,0.7036364093327291,0.0
3.6805041119318718,0.9172140907960499,26.635903998725794,255,0.7048772733111603,0.0
3.6793668406096782,0.8278175599815135,26.438871257205538,256,0.6957003631877097,0.0
3.674040386360432,0.8552499175171251,27.03196495779051,257,0.7124492117102509,0.0
3.6941360159310013,0.8621737594017913,27.482950030453175,258,0.6924560147923569,0.0
3.6740098317133123,0.9226889365241276,25.28021895215433,259,0.6863089874572623,0.0
3.6803627226013353,0.8799475459831302,25.48082162717601,260,0.7127208250787742,0.0
3.6819367933591747,0.8289950094555836,24.67267054252713,261,0.6984259374009736,0.0
3.677173464581012,0.872998396902735,25.693304987830814,262,0.7046973804383637,0.0
3.69149463553109,0.8734206211280594,26.383978791688364,263,0.6873277811811729,0.0
3.6856237881316884,0.8955440661151546,26.05133493088062,264,0.6825860586364446,0.0
3.6772742008481427,0.8893716240935576,26.687623954543895,265,0.6872005872799527,0.0
3.679457191153493,0.9977555720686377,26.459013806577605,266,0.6866381514188152,0.0
3.6783720538089497,0.8904582265210106,26.752682987118007,267,0.6932548509273949,0.0
3.679801400681185,0.9785062716273363,26.171068595321024,268,0.6949618171153013,0.0
3.6738358605554295,0.943463242666217,26.956375466619214,269,0.6724226847793164,0.0
3.6799525712083163,0.9065745216430147,26.636741140739613,270,0.6854274084541412,0.0
3.6863347291902344,0.9343144266063579,28.52484581370862,271,0.6912958285873608,0.0
3.690967303650779,0.892144015905184,27.136125319031592,272,0.6603631134586899,0.0
3.6778679656398503,0.9105102897690872,27.33151120402995,273,0.66653585209084,0.0
3.6804355618120894,0.9524460815705931,28.068260772047154,274,0.680069252743102,0.0
3.6726033478290403,0.8564535805899471,27.02676687270871,275,0.6635062551953772,0.0
3.6814335900651884,0.9409987704928303,26.487479159408856,276,0.6595224571924454,0.0
3.6714465367355875,0.8750106820403054,26.839953016653546,277,0.6566191336198929,0.0
3.666915373432454,0.935465394915152,26.68419828471563,278,0.6626845524499696,0.0
3.6621157159782673,0.8885690120292725,27.367621661544288,279,0.6705942249874819,0.0
3.6884365795205296,0.8157282562166203,25.539249940254454,280,0.6635182688181157,0.0
3.660810247786408,0.8929525170840178,26.66392250353199,281,0.6628313606645523,0.0
3.679303237875376,0.9848269898221494,29.004528348428522,282,0.6564978488834657,0.0
3.6573330673862,0.9613205626724588,25.540984635198217,283,0.6668420689727127,0.0
3.68165825171427,0.9152256291665103,27.71474546429333,284,0.630448758600255,0.0
3.6805550066119905,0.9504863051451989,26.941323235829078,285,0.6693721327585854,0.0
3.686147755399483,1.029926640467493,27.527135598937686,286,0.6517078338676021,0.0
3.681098875481487,0.8338660667116389,27.489073769648765,287,0.667590533616075,0.0
3.664439469962651,1.0533962969628576,26.5360370775098,288,0.6460110742266714,0.0
3.69387690333351,0.9384727784730326,26.05205669527287,289,0.6524196257747101,0.0
3.6668703364295094,0.8478502361659109,27.22047536035055,290,0.6694900620950448,0.0
3.6662638240253917,0.9032656071620271,28.13388893361351,291,0.6331628299838226,0.0
3.663991264305395,0.8764727361230186,26.64147824069464,292,0.6407055356799235,0.0
3.665082620324707,1.0054021685839636,26.329048301222,293,0.6425475003978514,0.0
3.6801447037079624,0.9517791580671382,26.78949251174723,294,0.6373499538637029,0.0
3.684510758508191,0.9212542254325767,26.432318042389056,295,0.6402943086976803,0.0
3.679122731999791,0.9272340694935167,27.575721283220286,296,0.6454686050782739,0.0
3.680436804307338,0.9124405161404171,27.832821700167568,297,0.641309708577438,0.0
3.6607657271924596,0.833501080246123,26.559232968827498,298,0.6159761955118183,0.0
3.661768429811631,0.9498197114318444,27.291017791381478,299,0.6323621382322467,0.0
3.638376500441952,1.0308437817091127,25.981227829742917,300,0.6263378666248713,0.0
3.6533324134707064,0.973717937090166,27.567145711820018,301,0.6192676909130402,0.0
3.6841375972315418,0.9846363842727245,28.10901695743389,302,0.6284983997978505,0.0
3.6646050098626257,0.9169493179666097,27.199921853944666,303,0.6168524794674651,0.0
3.6628697705253126,1.0071308717935479,26.74312937916637,304,0.6127553578875492,0.0
3.6762946415604487,1.0230221042654073,27.93208841772107,305,0.6051526548976448,0.0
3.652008191447606,0.8806723635934226,27.76455236265766,306,0.6175981584759724,0.0
3.6619360920163686,1.0314442435244078,25.86788893939782,307,0.6220959619812261,0.0
3.673290680650556,0.9619248672048579,26.877706115154194,308,0.5977513436097157,0.0
3.6638959148431187,0.9158704556257237,28.126309020177885,309,0.6185969449026546,0.0
3.6624496162598477,0.9925368607811633,28.623116648959904,310,0.6065047626546056,0.0
3.6561677833558983,0.8897299598423364,27.285422365410668,311,0.5889165754559744,0.0
3.665856522424238,0.9056145405733254,26.616453292701372,312,0.5975924342449014,0.0
3.667039478935582,0.9539692110092595,28.099545321383168,313,0.5960087855844832,0.0
3.6730579731337376,0.9364622651966326,27.11939711471361,314,0.6085471451983567,0.0
3.6523008504890355,0.9942902734082663,26.133054611201988,315,0.6095720842070191,0.0
3.65611701424726,0.9502889245156829,28.103581164257314,316,0.6032798884514181,0.0
3.660575451371383,0.9192090213767151,28.299066249035413,317,0.6053582365864131,0.0
3.656938805747943,0.8680819513521939,26.517406577481484,318,0.5917543052052023,0.0
3.6518069159291366,0.8873986026387548,27.189311240325573,319,0.6100906465074656,0.0
3.665521174823424,0.9758118599947696,27.609575671277536,320,0.5813026652918649,0.0
3.6663321086237737,0.9620908633022615,26.70941647402623,321,0.5960869469087576,0.0
3.6747139405973845,0.9977125687981141,26.814963690267707,322,0.598450021694436,0.0
3.6620560525932286,0.8953604867188719,27.31253974693319,323,0.5950636773698622,0.0
3.6740130333057075,0.9595709121311375,28.222505615168338,324,0.596829683501396,0.0
3.6502424300181415,0.7803915454303756,27.30433071504749,325,0.5869119878965956,0.0
3.664228440708995,0.94428907480621,27.400605349137546,326,0.5832969895401668,0.0
3.6587339435567796,0.9348863460430712,26.983053401079424,327,0.5838033890402466,0.0
3.6713217062772023,0.9699243542581609,27.123749377390062,328,0.5925840254887969,0.0
3.6410108193207327,1.001323943434917,27.004901844554837,329,0.5634015476370127,0.0
3.6556372332098177,0.8831146850228789,27.681865092855602,330,0.5735382532136943,0.0
3.6377697367628974,1.0471633901312882,28.33626855515805,331,0.5825706296172465,0.0
3.663917329857121,0.9452636481297849,27.390163772176034,332,0.5668497175615284,0.0
3.6630947583070457,1.0145028647983818,28.259234221430873,333,0.5838762345769095,0.0
3.6611756939275044,0.9981491957986623,29.201142707673323,334,0.57034944500082,0.0
3.6388551786262378,0.8690200863007653,28.12793654040719,335,0.5879209850357131,0.0
3.6627016123534895,0.8798282760195741,29.739462789144213,336,0.5666316578830547,0.0
3.6595423367907136,1.00956959488643,29.1291078385065,337,0.5558130255507211,0.0
3.6600685338909287,0.9831297837950618,28.505913581657158,338,0.5644602206734249,0.0
3.674802279435384,0.9840940284072818,28.047461790483364,339,0.5660146886688643,0.0
3.6523464976219335,0.9831125390686017,27.57488632482803,340,0.5675511592468121,0.0
3.6499997928947336,0.9311450953688237,27.568665670215974,341,0.5657173492170698,0.0
3.66198889699739,1.009505978968434,27.393998787057342,342,0.5459740679185898,0.0
3.637235026162633,0.9584978825311915,28.218658617267405,343,0.5533039640359433,0.0
3.651922944954876,1.038450868309057,27.250832517951057,344,0.542837049393026,0.0
3.638680027218218,1.0340375928168586,28.730717265645023,345,0.571213516021759,0.0
3.650494102188231,0.8932414136239951,27.858964478706795,346,0.5672300726482429,0.0
3.6532613795330984,1.0031420433201133,29.590151073606485,347,0.5502865549004718,0.0
3.6479999907685565,0.9278226083182539,28.739659578234185,348,0.548390592742882,0.0
3.667583664923736,0.9404417676169301,28.310951148022845,349,0.5588470092488428,0.0
3.657352514195707,0.93662961790892,28.094429748203062,350,0.5169636876909494,0.0
3.6342133016677147,0.8937251620357821,27.181269681566413,351,0.5465922530482962,0.0
3.645034309231629,0.9553362765466938,27.799810157484213,352,0.5534916927112441,0.0
3.658504198717076,0.865987990199524,29.086750242995322,353,0.5360048652812116,0.0
3.6519795540442246,0.9332537461814809,26.351040626464133,354,0.5506978864783583,0.0
3.661485848255464,0.9907304718175832,28.203507141168974,355,0.531456811066452,0.0
3.626673290400893,1.013339723634248,28.9462903087668,356,0.5272564781041086,0.0
3.64584183239859,0.921097408351684,28.60498034998783,357,0.5334212763358609,0.0
3.636447593320582,0.9452835365165974,27.640191066996785,358,0.5302140174274113,0.0
3.6432215474243153,0.9310298645554972,29.15348187112771,359,0.5409055188176564,0.0
3.652022490991734,0.9445572119035126,28.972408860069997,360,0.5329745467374823,0.0
3.6439010645839067,1.0520344003379147,29.21425399448388,361,0.5349192481457637,0.0
3.6349076588724687,1.041295316827085,27.85907488604198,362,0.5154911718131828,0.0
3.642685801455934,0.9784521409516159,28.328625841187502,363,0.531911438291816,0.0
3.64303229612613,1.024905154817391,28.079222304137787,364,0.5328072536709169,0.0
3.6424738275745607,1.0149396231719838,28.425004442539766,365,0.52115699903379,0.0
3.63736982202717,1.016089980245322,27.399957671288174,366,0.5234796027014632,0.0
3.6530051336510443,1.0158660957295453,27.93444191356424,367,0.5323371936624621,0.0
3.6343116362284142,0.9194119088182786,28.259652689469636,368,0.49143201305108863,0.0
3.633391162097055,0.9763801288601728,27.380285377578417,369,0.48981277555834274,0.0
3.6489692071985096,0.9415917822609896,29.174809110077526,370,0.5104763916645307,0.0
3.6452857370776064,1.0703240113960177,27.82504738731211,371,0.5063357139587688,0.0
3.6376012954973493,0.93072576709782,28.93504485201456,372,0.4991316844392407,0.0
3.636598935830821,0.9942822551576095,28.153246910172722,373,0.5100709003734948,0.0
3.6211098979250393,1.0629786711971516,28.07037716565885,374,0.5268582774709851,0.0
3.6485725648075973,0.9326480712268123,28.300244636716137,375,0.5168662026147901,0.0
3.634134883906993,0.95363216490855,28.74734839572819,376,0.4960168170401083,0.0
3.632559521425419,0.8890179638330892,28.911817819336722,377,0.4916549126322898,0.0
3.6571174345012305,1.0222020267148706,28.655160052854022,378,0.515478167675908,0.0
3.6539939796533147,0.9304760740483884,28.86751381337967,379,0.499877491531841,0.0
3.6409375317752506,0.9659415357418911,28.19712958356555,380,0.49601187627058174,0.0
3.637382971568565,0.9253714480391765,27.634466352986866,381,0.5056418875792104,0.0
3.629256629571578,1.0026509144779965,28.606238729120395,382,0.5028547817825946,0.0
3.6571784032486083,0.9277000552548558,27.892559480400948,383,0.49417956113442396,0.0
3.6291763669147343,0.914609140692441,27.995422945664394,384,0.48984297942080524,0.0
3.637639321824416,0.9367725580841678,29.26300359673151,385,0.4823600064082408,0.0
3.6247952288994387,1.0172666485154145,27.891744885853726,386,0.48969136503140415,0.0
3.6378926405865504,1.0149350491389333,28.42449325277864,387,0.46901844292444367,0.0
3.633423171134952,1.0139617666656515,29.66945629114035,388,0.47332688214463087,0.0
3.6467991099132533,1.0189445908392287,28.66351645062865,389,0.4857554090554206,0.0
3.6353568680313946,0.8994240558103186,28.372547074586766,390,0.476195071834144,0.0
3.63190129519492,1.0576059175695907,27.525839345047277,391,0.47057981429612455,0.0
3.643246000828806,0.9530581387749016,27.916569859307202,392,0.4614399785532754,0.0
3.635091256909484,0.9664358431602362,27.313464896658527,393,0.47047098955079003,0.0
3.6247065496345323,0.9296621485694327,30.71732345813232,394,0.47089446480550323,0.0
3.6181822379721784,1.0369634901424085,28.770500530820115,395,0.4751300579350029,0.0
3.6330681900754542,1.0888486789256273,28.609392562839258,396,0.44593791552611195,0.0
3.6177311094828237,0.9275033622704802,29.26660483019612,397,0.46971908389708605,0.0
3.630042222066549,0.9281890473155017,29.843058043160205,398,0.46663863183230275,0.0
3.634829162421108,0.9489683056277943,27.806568317466663,399,0.45046395785101045,0.0
3.6277069733341314,1.003216934968045,29.32953426269072,400,0.45740582238808897,0.0
3.645761641758146,1.0441100132047059,28.580936245153886,401,0.4553180548093942,0.0
3.610289909476427,1.002742966882316,30.329958767258454,402,0.44383174600311437,0.0
3.63443190194035,0.9813351563794708,29.292911465896353,403,0.4603313937428844,0.0
3.616861836679214,1.0396607855850022,28.27857869836112,404,0.4462251484883272,0.0
3.6134435220114836,0.9616951611246317,29.362449236560952,405,0.445597658061088,0.0
3.6235265302834896,1.071767714513437,29.703574786823577,406,0.4538301811982611,0.0
3.6444758160176614,0.9606600366521238,28.346731998331794,407,0.4484994991519286,0.0
3.646602873620645,1.0586108724132888,28.00347871569763,408,0.44036195796087596,0.0
3.6228606285920337,1.0422776702662788,29.250955756487382,409,0.43180844545428965,0.0
3.628620342509582,1.04765601198976,28.23511083678615,410,0.4422469004818655,0.0
3.6216675193655488,0.94933250947831,28.67064749389248,411,0.43061972049544206,0.0
3.614714747525684,1.0535867987748175,29.1703831198803,412,0.4403281124626203,0.0
3.6370512012845695,1.02081526006118,30.103661609805947,413,0.4373685655033517,0.0
3.6228136825298654,1.0497758488962434,29.043071629856723,414,0.4234959849471228,0.0
3.6330869712370033,0.9821593368896945,28.530963622075124,415,0.4321507653910077,0.0
3.6210927618454583,1.0589800731840513,29.418296653392012,416,0.43020862030325313,0.0
3.616683994330726,1.0165674087879373,28.67280673921956,417,0.42327560257039915,0.0
3.6205624434394035,0.943138964945686,28.10897892404566,418,0.43417820396513146,0.0
3.619395461584238,1.0289990054262559,29.17772208151112,419,0.4203402792069118,0.0
3.6385765901563127,0.9486263730465436,29.42358598219758,420,0.4072069343590406,0.0
3.6347952395761975,0.9506772724032609,30.159987524832097,421,0.41743210818623194,0.0
3.621405918413997,1.0489954616023074,29.90135475838356,422,0.4272001599799166,0.0
3.614615497878258,0.9671408079645154,27.241418960188803,423,0.3969377045936361,0.0
3.592363763232103,0.980817994606596,29.31531693791185,424,0.3923762004821271,0.0
3.6224806237434297,1.0002595308741844,28.875171917816974,425,0.38482512161680454,0.0
3.615176492793499,0.9667942656065289,30.19009134957959,426,0.41261336845549906,0.0
3.625433386082894,0.9721722861633174,30.133255551085554,427,0.4055049325443819,0.0
3.6285521523866375,1.0711247540460802,28.94115892184539,428,0.4148565265478163,0.0
3.616436213695892,0.981990740808224,29.562110772034654,429,0.39640294331381815,0.0
3.613229454934245,1.0576763129969076,30.4188468446309,430,0.4057496484734409,0.0
3.654423363245084,1.0547570775008848,29.238233225740203,431,0.4017226941121312,0.0
3.6100489236382134,1.1056521395189478,28.122008369007393,432,0.4123256576282323,0.0
3.6332063995134605,0.9874983630604215,29.792547458367,433,0.4095009799130836,0.0
3.6214712450736135,1.045733341301752,28.61278015999736,434,0.3844856962169599,0.0
3.6017707503342566,1.0002053180476733,29.49488389862014,435,0.3929672902930758,0.0
3.6107198204557935,1.0069439739515555,29.20891540541412,436,0.39714789099366987,0.0
3.616531458403637,1.0344404182159974,29.89608824840112,437,0.3899531037198438,0.0
3.6119125999706956,1.141696201995657,31.55606767448822,438,0.3782908739481807,0.0
3.6050631302815717,1.019964304169126,28.9311144830084,439,0.3753996767463796,0.0
3.594434536249936,1.0126015534233497,30.297535302696676,440,0.37680031385957785,0.0
3.6026358030093877,0.9825170205742485,29.54126340585485,441,0.3774758712007259,0.0
3.598939631226252,0.9716950036921536,30.450396659852125,442,0.37035595356885653,0.0
3.6152363669001395,1.0591309703524043,28.77220989512997,443,0.3816861341051604,0.0
3.617974230978357,1.0597997409404867,30.98595184285002,444,0.3838421673642523,0.0
3.6079241831376447,0.9576556487820925,29.302636460149404,445,0.3620743626579798,0.0
3.622372106770667,0.9630994219073686,29.222958438787398,446,0.3737738741068544,0.0
3.615390072490408,0.9912756750496597,29.412483664493827,447,0.36867643776744163,0.0
3.613909362983314,1.0447397376539131,28.92211622926219,448,0.36516531834689697,0.0
3.612671276540563,1.109469240491061,28.53183324315556,449,0.3673818748457618,0.0
3.5993367083206365,0.9889428326142586,30.03967260870663,450,0.35757795333262854,0.0
3.6292916912146986,1.02724042948443,29.220054942450684,451,0.38156250599522357,0.0
3.607659142695123,1.048208163947789,29.418745268337236,452,0.3868807127098942,0.0
3.6191391637596055,0.9389181801182741,29.56297940094175,453,0.3601089614884048,0.0
3.5961388923819104,1.0236544503479723,28.7511309749499,454,0.3647214921047068,0.0
3.6081111080531953,1.0120509619408593,29.938028259576303,455,0.37412707356890906,0.0
3.6095041649101587,1.013137523776365,29.12698202718393,456,0.3526562654876471,0.0
3.6144894994698933,0.9759802697955124,28.74577882997055,457,0.34799695694398564,0.0
3.635529844605621,1.136520300515514,29.851409571725565,458,0.3713344242760326,0.0
3.5998951617526997,1.0412931930855618,28.788761671269114,459,0.3628285746451358,0.0
3.6032471447674403,1.0761744048586397,30.79477354919489,460,0.35026642048963585,0.0
3.604771841516829,0.9654398324173407,29.42208552431346,461,0.3250225188488046,0.0
3.6019523911857894,1.0292183242133468,29.630443303783544,462,0.3515758462965699,0.0
3.616138316677193,0.9987802270748899,28.96366820914808,463,0.34649940911795857,0.0
3.6021363891378826,1.0238931684697359,29.923621871254092,464,0.3323434730847535,0.0
3.6137011651734903,1.0974328663484179,30.42535835241249,465,0.34066438202671045,0.0
3.593359187074458,1.0944099152026978,30.087320258658426,466,0.31588250431805576,0.0
3.597600090045895,1.0214448720985854,29.957103166654832,467,0.33024883531985894,0.0
3.598893680067221,1.0017705448175191,29.19534525157374,468,0.3479337756139988,0.0
3.598712807391858,0.96186845470729,29.566911832484617,469,0.31995108352775764,0.0
3.6145718701984837,1.0849325305286286,31.019842597975547,470,0.33774919287521926,0.0
3.614928071837697,0.9417985610187092,29.864073780923707,471,0.3401081452509533,0.0
3.597129094840078,1.0301613740069702,30.794485602771903,472,0.32713808583139686,0.0
3.5872500759560606,1.0876835364597401,31.394647876271115,473,0.31891554763865426,0.0
3.6024804141077587,1.0892163148938214,30.3044674745176,474,0.3382660725408396,0.0
3.6201128185481304,1.1323876443738532,31.032878224027932,475,0.33009002323990644,0.0
3.6177080005735025,1.1151765720087379,30.577115921244157,476,0.30575877324679196,0.0
3.609060426704302,1.0507671755698273,31.108423118560736,477,0.32232252731173194,0.0
3.6083846347575066,1.1116260674069411,30.206810574850486,478,0.3172079469355288,0.0
3.59937727340448,0.9944128970449286,31.637013328341467,479,0.32015505426429725,0.0
3.600986199311999,1.0351588546556705,30.32453946878819,480,0.31137039071198275,0.0
3.5996582056496065,0.9802886501956393,31.975783169850697,481,0.3187815140523435,0.0
3.6147599427496884,0.9900294726385777,30.416173362554677,482,0.3036952854597831,0.0
3.5912915190641184,1.031212783545743,29.538238385307412,483,0.3053824195455167,0.0
3.5977141309445533,0.9935016231356463,29.769767401027188,484,0.3092219407316726,0.0
3.607114219502244,0.9608899373428429,30.237100913790524,485,0.3218516524407678,0.0
3.5788866000787425,1.1378294824432733,29.498300625391337,486,0.29769952188108967,0.0
3.5910748932306262,1.034260020504615,30.611593250060245,487,0.29140434424898876,0.0
3.585060447385582,0.9845634806834249,30.57361584109795,488,0.29658481716131885,0.0
3.5976042377368596,0.926761606039853,30.094296039063853,489,0.29595501480124375,0.0
3.578555555041341,1.0789695031966144,28.854111819230628,490,0.3106413688113938,0.0
3.596695978288239,1.0702283669507555,30.474608722172285,491,0.2743771083402364,0.0
3.585015130297167,1.1134279209257578,30.19498906788182,492,0.29294653429649103,0.0
3.5877813920969883,1.118543414490642,29.906046846408533,493,0.28518341598075025,0.0
3.5924326071568995,1.0525420877933034,31.378175391839424,494,0.291004796782838,0.0
3.6021549517178046,1.1100400999132463,31.166634065477822,495,0.2964523909777216,0.0
3.5969261349015555,1.088853588373393,31.209954587882883,496,0.28098211183013583,0.0
3.5876538283860464,1.043912212374522,30.564646624604045,497,0.291593784671255,0.0
3.59636680678685,1.080789551008369,30.981216599041616,498,0.28159801511835425,0.0
3.5889734870790044,1.0348965063325508,31.25836217045245,499,0.2695378887565532,0.0
3.595575626863746,1.0726317509358432,29.46063848053208,500,0.27016621858002615,0.0
3.5932373050520456,1.0272597805075256,29.57857261489254,501,0.2747487495260322,0.0
3.6020397080430633,1.0783452972963856,28.997795861194874,502,0.27374844582516755,0.0
3.568115293719081,1.01803066855232,29.768032458547957,503,0.27389922997789057,0.0
3.5983820980624444,1.0130752733210464,31.27489441388197,504,0.2712061405796554,0.0
3.57956449017631,1.113060080998335,30.44391039317301,505,0.26798499351722765,0.0
3.6072282714032022,1.0810278676332263,31.040306639993464,506,0.2706102428508617,0.0
3.5789040844379447,0.945086060052243,29.698174722001493,507,0.24775606108548254,0.0
3.594878876398226,1.0854164682583094,32.09949249361012,508,0.2592822935955852,0.0
3.5874080401623045,0.9930379843197946,31.091241341816644,509,0.2545801743366391,0.0
3.578338727228671,1.0385775279885159,30.996677062201535,510,0.2585771296956946,0.0
3.5801541125324756,1.1058355255855643,30.3462954531063,511,0.24541843159270146,0.0
3.5783352426317045,1.1060250005414196,29.500261295999007,512,0.2382373747126996,0.0
3.5740987597383596,1.0119729835803286,30.178930410409592,513,0.23946794682827327,0.0
3.564948090956786,1.1030342729539544,31.79144291172674,514,0.23847665048775515,0.0
3.5679997020454803,1.0506488537867398,32.75803240374247,515,0.25565851855114147,0.0
3.5856708416529766,1.0440713468161749,30.63176957362095,516,0.24908326417305182,0.0
3.5764306321227446,0.967215912076418,30.93861667810952,517,0.25579384840653036,0.0
3.575535742858826,0.9710787641043576,30.742980703441713,518,0.2410012309910732,0.0
3.577157713859608,1.0634988363201674,30.47423046544696,519,0.24061731416734075,0.0
3.5713544969716,1.1501409209902715,31.480039040677067,520,0.21060073194692033,0.0
3.583452151159154,1.0881430047356973,31.867529011461784,521,0.22575821670732,0.0
3.5854982086052876,1.1271555968711688,29.79234413884021,522,0.22802775300491782,0.0
3.5818060913525613,1.083618388108005,32.27576388147181,523,0.23444920033151054,0.0
3.5834909390539247,1.11442024032544,31.069141991077448,524,0.2391309177331397,0.0
3.580779406772841,1.0930599365193745,31.406842979926438,525,0.23112413617764374,0.0
3.5629261838366952,1.0881500829364152,31.905260821008557,526,0.20919524937526887,0.0
3.58056128128158,1.0807990829100953,33.45974254902391,527,0.2197808447695883,0.0
3.5866508534016583,1.1000737166001968,31.693784842254917,528,0.22153458767001166,0.0
3.5744999710124836,1.0606459355889055,31.34532302227085,529,0.22806198160867422,0.0
3.586020045722916,1.0403335284179722,31.178235759362412,530,0.22264348654571586,0.0
3.585542439603567,1.1352869075336,31.16123430087704,531,0.20615414099377471,0.0
3.577768079379623,1.1355377267288773,29.848908173986622,532,0.21802702740493068,0.0
3.555467361603393,1.0986408583639433,31.064801958416695,533,0.19936650473452305,0.0
3.5820364330664645,1.105456717535685,29.932366386507688,534,0.20724779664447823,0.0
3.5716571449337584,1.0448066931007811,30.779494199194467,535,0.20365808489258788,0.0
3.592182199595606,1.0891957568189012,30.821584273122898,536,0.19852063155291047,0.0
3.5788093161213714,1.0839248692038015,32.30266948968279,537,0.20290035633247389,0.0
3.5688293694871747,1.183916258112911,31.6515696464328,538,0.20009215923444398,0.0
3.5827668251177704,1.0518228745294036,30.812902996673078,539,0.18987986974905602,0.0
3.584339657579018,1.0315688144546902,30.828280355823793,540,0.21680714211292815,0.0
3.57765711388223,1.0623070922271687,30.82363931381291,541,0.20793207140524106,0.0
3.5674880230248234,1.1272083588077746,30.422889414876398,542,0.19728842340407288,0.0
3.5744718500800463,1.0611290154661914,32.205026763446284,543,0.18367280320069782,0.0
3.56469503967259,1.1745211318784734,31.17668616806115,544,0.18334015194147324,0.0
3.567128830161187,1.0682000978811614,31.059712043445725,545,0.18744361860451159,0.0
3.5657829648487875,1.0746433592220745,32.64085690730194,546,0.19356978140814815,0.0
3.5728667895934785,1.0600163213764728,31.4223266129083,547,0.17291526850432834,0.0
3.5846259170364942,1.047925910860321,31.501298188719645,548,0.18879772431318606,0.0
3.5545918864441384,1.108720343098966,31.757509888692894,549,0.19292195403111184,0.0
3.567283184543397,1.0794627523325857,32.439853247837995,550,0.17340278377661375,0.0
3.5678245993777695,1.0914862686014748,31.442659849368262,551,0.194124281761279,0.0
3.5580159491763563,1.0424911603515754,30.794594816897057,552,0.170652389621369,0.0
3.5523555683839154,1.0270720173555308,31.855981156241345,553,0.16722209595530724,0.0
3.5574657227816764,1.0297847837599658,32.21933084244414,554,0.16802873641607355,0.0
3.561269927120917,1.0416533904185594,30.541333312083033,555,0.17083665177111906,0.0
3.5702413203554824,1.0072372046675129,33.19546025388375,556,0.15588796058466772,0.0
3.5674890134896566,1.0304176139766195,32.28269889089973,557,0.16553591121190664,0.0
3.5531242076880116,1.0791756740747125,30.053686507225112,558,0.18394173425727878,0.0
3.5468094374036325,1.1166358313748599,32.17686965198384,559,0.16168362214167695,0.0
3.550431616093199,1.1972719640171825,29.914372125390184,560,0.1841012171548927,0.0
3.5657393956280847,1.0338818837871477,31.20508176647742,561,0.16452217787909243,0.0
3.561786194358633,1.1568596904732749,31.220531699119313,562,0.17100539497453324,0.0
3.5566459160479758,1.121098118672408,31.08979993673907,563,0.14927949202343163,0.0
3.5729689100151805,1.1452966930721282,31.18522783721765,564,0.14233162008153025,0.0
3.549777424783333,1.1630342887244924,30.515923345166847,565,0.1502668477838938,0.0
3.577370703472914,1.1964982022401318,32.268062325269995,566,0.1502784908116548,0.0
3.5664288819055896,1.1120640431548536,32.01438546848619,567,0.13697884261663978,0.0
3.5624557407313353,1.0673790680453412,32.32867923032146,568,0.1497154028667816,0.0
3.5847519618654693,1.1192315526388414,30.75436312717118,569,0.15450035884694943,0.0
3.5646601895913306,1.1316656731329104,30.898629561198042,570,0.151192743378943,0.0
3.5788713322856305,1.1315344800852123,31.913454297594395,571,0.12226919224422671,0.0
3.5514662080271755,1.0680605543687738,31.82116054175856,572,0.1254179360045877,0.0
3.5563393904852663,1.11728859131497,31.240452548693174,573,0.14025025806758856,0.0
3.5603446026308605,1.1363672196204164,31.33852071283965,574,0.13506449383775487,0.0
3.5673468918235356,1.104017236219528,31.913432048850307,575,0.13293775660270016,0.0
3.551141514552084,1.0513417920826233,31.018992108690863,576,0.14078765523039635,0.0
3.572359182052255,1.1724755061461802,32.30936180992189,577,0.12655822755847032,0.0
3.556959294292047,1.0657986608591237,32.39069647829415,578,0.11802703476057226,0.0
3.5689241492496633,1.1495184346973608,32.94329863220647,579,0.13370884426318141,0.0
3.574427009952304,1.152948981015786,31.350278730434972,580,0.1247385985016943,0.0
3.568317776321316,1.1121780595293804,31.55456407859752,581,0.11720937398307181,0.0
3.557599582569604,1.1094406494920253,32.01291866073459,582,0.10265091603551565,0.0
3.551139104810112,1.0948521020017068,32.26603435592654,583,0.12876933023103132,0.0
3.565696824665896,1.1267411017807676,32.40890320983905,584,0.123307244320089,0.0
3.54791030865985,1.1684739910499937,32.32312229148467,585,0.1139883397555891,0.0
3.563096965192757,1.085831471837649,31.55757640571567,586,0.1188822229234922,0.0
3.5535198418806058,1.1541485077637992,31.70158289981043,587,0.1,0.0
3.5422422910741225,1.006101160164003,31.715963916089734,588,0.11061831369375966,0.0
3.554740286701895,1.0309666361605254,31.72450899043322,589,0.11009517450693382,0.0
3.5615537350317985,1.0368262365101408,32.27726827541352,590,0.1,0.0
3.5705817983713386,1.1344249049687747,32.03815447065089,591,0.1,0.0
3.5580326418301995,1.0998177218276557,31.409444406563242,592,0.11770137319670052,0.0
3.5506304205787287,1.1010973513859124,31.9153904431257,593,0.1,0.0
3.5416923019682134,1.1520709527837254,31.805900202375554,594,0.1,0.0
3.539575616236939,1.0246903258426756,32.69396910194347,595,0.1,0.0
3.5434582980642593,1.0851050723478943,32.29166151220008,596,0.1,0.0
3.558607133581001,0.9904827646382358,31.43461572282874,597,0.1,0.0
3.5462679845872302,1.1277888486257777,31.485952622397775,598,0.1,0.0
3.552280159462913,1.1623670435665523,32.35909551480707,599,0.1,0.0
3.558355621460526,1.1267250562072977,31.789541173537717,600,0.1,0.0
3.555888781395498,1.0977309345158657,31.573258654950337,601,0.1,0.0
3.5506913590222333,1.161066992147185,33.289599675151386,602,0.1,0.0
3.5477589452746248,1.0891863865191664,32.065213367918474,603,0.1,0.0
3.5496854689541686,1.082747963449815,30.480574839477452,604,0.1,0.0
3.5608724514338808,1.1307462957705354,30.90387679434754,605,0.1,0.0
3.5537349241191083,1.089789871680287,31.715330861945784,606,0.1,0.0
3.528513361837744,1.0891313449237552,32.7354798842844,607,0.1,0.0
3.5446904567052977,1.209827819534697,33.5146428444542,608,0.1,0.0
3.53946084361113,1.0798063567860945,32.554783919257574,609,0.1,0.0
3.569562259911331,1.122311055380561,31.259834333499104,610,0.1,0.0
3.5344341111711652,1.1270267353641061,30.37978621408676,611,0.1,0.0
3.5604308093792802,1.0876229648438323,31.164453168290226,612,0.1,0.0
3.554593047236529,1.0841319934317621,33.20319185855567,613,0.1,0.0
3.541566235216878,1.1413355811199883,32.35730210888828,614,0.1,0.0
3.5611772081464226,1.174596548396518,31.781391489468554,615,0.1,0.0
3.5611757252608913,1.1035051076268223,33.116505369793146,616,0.1,0.0
3.544414323896956,1.11532593964351,32.10102050071814,617,0.1,0.0
3.5535585251702555,1.1200230682332313,32.656057263816926,618,0.1,0.0
3.541959618366154,1.21552999630336,32.698150705325595,619,0.1,0.0
3.559739523291173,1.1888721531185742,31.32154198871893,620,0.1,0.0
3.5515197138300882,1.1934857454117118,33.12896516371086,621,0.1,0.0
3.5468536987541235,1.0834570421278227,31.837291312051015,622,0.1,0.0
3.5464546088745013,1.0985399267620617,32.54689864032156,623,0.1,0.0
3.5647363450299774,1.147393758766722,32.229762796897646,624,0.1,0.0
3.56841477109277,1.1585242343408308,32.006931680188366,625,0.1,0.0
3.544729288361088,1.1127565933334287,31.13145121976098,626,0.1,0.0
3.579827315349713,1.0887816098946903,31.852523803262283,627,0.1,0.0
3.5706929666862495,1.1615203291451341,31.81790805170576,628,0.1,0.0
3.5500911498943912,1.1684983193135081,30.926045030033617,629,0.1,0.0
3.557473075585582,1.0298961390688692,31.434050194281728,630,0.1,0.0
3.5416054182065215,1.0704997067314943,31.29702752638694,631,0.1,0.0
3.5556464125602334,1.0363448973726874,31.94121050744984,632,0.1,0.0
3.545768093758913,1.0601958211130778,32.35233818173469,633,0.1,0.0
3.5646087673624596,1.1479038651308575,32.09500343599525,634,0.1,0.0
3.559075300171433,1.1518235349123258,31.204983443023114,635,0.1,0.0
3.5675322976467467,1.133373598248487,31.89452885818506,636,0.1,0.0
3.566577134360775,1.1288718854690265,32.97699375779731,637,0.1,0.0
3.5523818468967776,1.1712197923038263,31.57901723302391,638,0.1,0.0
3.5455752076486853,1.083878127654154,32.57968634905937,639,0.1,0.0
3.551604794063535,1.139649199315857,32.59252345514726,640,0.1,0.0
3.5451419471073984,1.0886497014505794,32.76838553595486,641,0.1,0.0
3.564405705249446,1.1445396533114245,31.57575200945834,642,0.1,0.0
3.5751976087059756,1.0258407116118236,32.09438466719223,643,0.1,0.0
3.549404968921546,1.1364475457850243,33.56062118283896,644,0.1,0.0
3.5646014376036015,1.067904006161608,30.967891963848,645,0.1,0.0
3.558450909058483,1.1079290771665087,31.827241932987185,646,0.1,0.0
3.5385900214378694,1.131596768588584,32.057529178986776,647,0.1,0.0
3.5565699060624665,1.0759381800823336,32.891675894044376,648,0.1,0.0
3.546398833330094,1.065624049552728,32.55621115327612,649,0.1,0.0
3.555453329715076,1.1378908745117218,30.737810439028042,650,0.1,0.0
3.5493421360724744,1.1741675122682715,32.07300607500222,651,0.1,0.0
3.5656875503563965,1.1149536752664047,32.75453428688607,652,0.1,0.0
3.560744703985784,1.2036448739076333,32.49513800615946,653,0.1,0.0
3.549423277379567,1.1751044027880637,31.068327475619377,654,0.1,0.0
3.5439208373662745,1.1195320038427619,31.403854467729335,655,0.1,0.0
3.537966074686455,1.164463901154676,32.39568235239237,656,0.1,0.0
3.5439001492276265,1.1653093836504476,31.999870258016156,657,0.1,0.0
3.5362431650062613,1.1090475815912257,33.02657959450743,658,0.1,0.0
3.5379543655713994,1.169689375202366,31.83754916217838,659,0.1,0.0
3.547171019172248,1.1278746583211088,33.14696431705513,660,0.1,0.0
3.5592976525139703,1.1054348979967383,32.84766798596238,661,0.1,0.0
3.536002332034216,1.1379696931909418,32.00101920528561,662,0.1,0.0
3.562647538927102,1.2003222392340698,30.59004698465999,663,0.1,0.0
3.563646425464561,1.133654701843371,31.93704938779578,664,0.1,0.0
3.568064948580841,1.094593486221473,30.972790875318502,665,0.1,0.0
3.5596360140432104,1.1405111083489248,32.125822780268734,666,0.1,0.0
3.560920222684978,1.096619298307711,31.2906404817072,667,0.1,0.0
3.5555442574186773,1.151173097754859,32.418803013532745,668,0.1,0.0
3.564702378542207,1.160276325883262,32.57459418339998,669,0.1,0.0
3.559101473954769,1.1676541156498237,32.31959245932608,670,0.1,0.0
3.5483786318508517,1.0413878566184531,32.045923813841085,671,0.1,0.0
3.567012374586352,1.1507391322547988,31.581365486231554,672,0.1,0.0
3.5620725478274,1.1200549753254532,31.604932563978295,673,0.1,0.0
3.5422197783627087,1.1380665241217227,32.89124261911852,674,0.1,0.0
3.5837968371339066,1.1156017156207063,33.281233241261035,675,0.1,0.0
3.546605336491573,1.0645396665511366,33.057314609273966,676,0.1,0.0
3.553497987384907,1.0818248714679435,32.02581631047945,677,0.1,0.0
3.55406326729505,1.0362870484088893,31.77097543780784,678,0.1,0.0
3.5498604099068007,1.0760315501675608,32.25181865813777,679,0.1,0.0
3.552294465447416,1.1035279664965216,30.761892262221156,680,0.1,0.0
3.5534553566013414,1.0245054380513947,33.834944259585384,681,0.1,0.0
3.545424523646844,1.147396520276267,32.106604722561976,682,0.1,0.0
3.5553185598906603,1.120833784342675,31.613316663328604,683,0.1,0.0
3.539321662735289,1.124776424573214,32.91037586263928,684,0.1,0.0
3.5693037571227384,1.1154496850097284,31.725095270434647,685,0.1,0.0
3.5586600120953364,1.1427504974550797,30.5695741468818,686,0.1,0.0
3.549336125152245,1.1181936667479815,33.00503068481305,687,0.1,0.0
3.564469455154182,1.0758787588403271,32.04134658855124,688,0.1,0.0
3.533614077518602,1.0134124165282168,33.16736474837138,689,0.1,0.0
3.539712002622182,1.1608952544329656,32.37905023521785,690,0.1,0.0
3.5716171989672882,1.0759402756824277,31.723170818763446,691,0.1,0.0
3.5541625015709135,1.0831044410837516,30.828575025190897,692,0.1,0.0
3.5497802519283885,1.1179252715579389,32.67995863446953,693,0.1,0.0
3.544726998702637,1.1293364793979888,32.22108299337467,694,0.1,0.0
3.554788676345919,1.0748432623360058,32.43455936602068,695,0.1,0.0
3.547166769889547,1.0758614683144465,32.8361924919875,696,0.1,0.0
3.5350345511257295,1.0792809333665565,33.55779461475606,697,0.1,0.0
3.5674583674039875,1.1108835469019467,32.503817301474214,698,0.1,0.0
3.547341663756655,1.1595105613912953,31.322412605997183,699,0.1,0.0
3.560821993442135,1.0948308577046837,32.068726185662676,700,0.1,0.0
3.544870349655642,1.0907255769455033,32.45320648544026,701,0.1,0.0
3.545117463909604,1.0810687201422398,30.71299109500147,702,0.1,0.0
3.5505653060065243,1.0695471003285262,33.041615710085466,703,0.1,0.0
3.5613329139439878,1.1516317187978071,31.349363317078282,704,0.1,0.0
3.5509758967677465,1.1857119512213377,31.03914275156924,705,0.1,0.0
3.5476158093216177,1.0973358390541073,32.67225641427361,706,0.1,0.0
3.5614328607305743,1.054504039746859,32.91282518755991,707,0.1,0.0
3.5504853412268647,1.098573992722431,32.05817067346528,708,0.1,0.0
3.5481282423926084,1.1563984944207528,32.03652200854547,709,0.1,0.0
3.542728237745767,1.1518146385345887,33.56262233334833,710,0.1,0.0
3.553133785316796,1.1000520074299511,30.81003887503377,711,0.1,0.0
3.5585498592434655,1.1089049843519863,32.46897506348339,712,0.1,0.0
3.569492153688509,1.061878494541771,32.384998831292435,713,0.1,0.0
3.5588879803313325,1.0971045303762446,32.115707461373404,714,0.1,0.0
3.554514315644102,1.1025933452889831,32.001992890296854,715,0.1,0.0
3.5541974847690176,1.1589438632234437,32.56866252590041,716,0.1,0.0
3.5500959218252124,1.1425844767464992,32.476347932604504,717,0.1,0.0
3.5469207649759014,1.1555241151771414,30.381391334847862,718,0.1,0.0
3.5684069073712688,1.100894393579681,32.25755712810365,719,0.1,0.0
3.552177092927467,1.0619440997676126,32.13266209822638,720,0.1,0.0
3.5483718857083435,1.1368746770855078,32.5757088718883,721,0.1,0.0
3.524362781223445,1.0526307195789377,32.22346583929695,722,0.1,0.0
3.5479463898436983,1.1285362899932037,32.08743690589018,723,0.1,0.0
3.5299517797282474,1.1423634638910896,32.29664892003355,724,0.1,0.0
3.5659173071689025,1.263559804026371,32.56922038998619,725,0.1,0.0
3.5543167924452073,1.096590024901189,32.81901752734813,726,0.1,0.0
3.540398084310948,1.1069731549730506,31.872793315938658,727,0.1,0.0
3.5449199811865615,1.1496851420509917,32.37521090213347,728,0.1,0.0
3.551837777704697,1.1681688874180949,33.78676445180433,729,0.1,0.0
3.5364439570573882,1.1571190871462171,31.285523380177704,730,0.1,0.0
3.558933694373346,1.0462764108785618,33.4252606146231,731,0.1,0.0
3.553625574502655,1.1369533882437413,31.40768447049615,732,0.1,0.0
3.561795932275705,1.091774990061506,31.700680761529085,733,0.1,0.0
3.537167392810753,1.13460142362084,30.657749792024223,734,0.1,0.0
3.548470518390413,1.0720606487057107,30.890685460580087,735,0.1,0.0
3.5419296530727613,1.2238335722124116,31.507983467365023,736,0.1,0.0
3.557822475660722,1.1436197759850744,31.759490278248677,737,0.1,0.0
3.5452795409333184,1.1184488692363213,32.165777200283515,738,0.1,0.0
3.5676285634749973,1.2043516644315178,31.27989341071348,739,0.1,0.0
3.5422263488000647,1.1008838188436132,31.96491655370697,740,0.1,0.0
3.5319703926719064,1.095778969632218,33.16336233785334,741,0.1,0.0
3.567137495644418,1.0774008866680824,32.05659015015683,742,0.1,0.0
3.542168104381344,1.082907421778471,31.17912205359293,743,0.1,0.0
3.5591681502387407,1.2070468001244479,32.66412673301593,744,0.1,0.0
3.55628738708619,1.1321104478253918,32.390639353235,745,0.1,0.0
3.5573153770278685,1.1538321082551288,33.078143505872525,746,0.1,0.0
3.5560625391189196,1.2126170272626025,31.453922743059582,747,0.1,0.0
3.5303295134532076,1.1023625049939032,31.99674941835133,748,0.1,0.0
3.5576950153439553,1.147072506252544,31.950743699703807,749,0.1,0.0
3.557382695131742,1.0674565947946002,32.95451562043796,750,0.1,0.0
3.552700534942959,1.069828768798026,32.81174662455051,751,0.1,0.0
3.5527235299545916,1.1137707222895756,31.91477579833695,752,0.1,0.0
3.5575363499826094,1.1643079352781798,32.58272486022457,753,0.1,0.0
3.5615466647662695,1.139226601716685,33.25537813619074,754,0.1,0.0
3.5495939351172674,1.0845680713547663,32.441912810093264,755,0.1,0.0
3.5485106517791127,1.065674646250976,31.123882415685614,756,0.1,0.0
3.553147641206519,1.0987164481932914,31.74555824567369,757,0.1,0.0
3.5513763297114975,1.0427165154327525,30.8093587414177,758,0.1,0.0
3.5614439370266586,1.08878809027361,32.147314715474295,759,0.1,0.0
3.539677193159197,0.9615028963025557,32.321014935224106,760,0.1,0.0
3.563623362115311,1.123745997648157,32.18417774192348,761,0.1,0.0
3.561336102637608,1.167249082125221,33.01557161153636,762,0.1,0.0
3.561715167667893,1.070892231059827,32.86662176217025,763,0.1,0.0
3.569843677783965,1.137576674129451,31.894920648724653,764,0.1,0.0
3.5578302682391096,1.1902896308266817,32.74466082637427,765,0.1,0.0
3.5701772407479044,1.1404609565990562,32.262945873281716,766,0.1,0.0
3.5376594480489993,1.1463866069018005,32.852492179048554,767,0.1,0.0
3.535607379295979,1.045909450648065,31.84713520253608,768,0.1,0.0
3.5538184187905846,1.0777378698773865,31.529430250457978,769,0.1,0.0
3.550692028973527,1.1560080474729815,31.263431531975712,770,0.1,0.0
3.541859278043189,1.1599097484798946,32.277420602142456,771,0.1,0.0
3.5445036746063496,1.2604193837105817,33.10745135527507,772,0.1,0.0
3.571845911416114,1.0225968692467595,32.202310084357656,773,0.1,0.0
3.536722063558095,1.1382500222338001,31.84043262017841,774,0.1,0.0
3.562007434652001,1.0692615534142695,31.250993395956886,775,0.1,0.0
3.549490684555641,1.0859265272730054,32.38432005857215,776,0.1,0.0
3.563444985810191,1.0917862401391567,31.29248060938778,777,0.1,0.0
3.556443489819935,1.1039044455769038,32.4433029466499,778,0.1,0.0
3.563262588373901,1.0725563776046045,33.15041405003416,779,0.1,0.0
3.5456858755996823,1.1225506292862908,33.20453494173854,780,0.1,0.0
3.5534758267599407,1.1658329265432341,31.023439539156758,781,0.1,0.0
3.544987279398509,1.1071485148797855,33.1136951829684,782,0.1,0.0
3.5436708531079075,1.0805053460968381,30.77966304146466,783,0.1,0.0
3.5416830906956633,1.1616792391928588,32.948497991944095,784,0.1,0.0
3.5462607467022043,1.1332102976737766,33.04803641270268,785,0.1,0.0
3.552155199156795,1.0955096177577415,32.48804212582252,786,0.1,0.0
3.5394353805001275,1.0334445605141778,32.217776741927565,787,0.1,0.0
3.5440260758433495,1.1383792884078532,31.583188805094775,788,0.1,0.0
3.557630910147655,1.1992599534740815,32.23658122353088,789,0.1,0.0
3.5569830137925376,1.12166021692716,32.14829045939543,790,0.1,0.0
3.5723614592622246,1.105165060510963,31.000426005915863,791,0.1,0.0
3.5581474860146556,1.0514211940045728,32.18842895142004,792,0.1,0.0
3.540418138602969,1.0914134364881714,32.977359812809716,793,0.1,0.0
3.5495508506286484,1.137734738855095,31.580101446750387,794,0.1,0.0
3.548493446506322,1.0246916092675238,32.77433480459355,795,0.1,0.0
3.5629048291678624,1.1731768076467715,32.73388355576582,796,0.1,0.0
3.555718726839233,1.1381418430876844,29.72153878759563,797,0.1,0.0
3.5513354392064134,1.0883351205210179,32.88307594601592,798,0.1,0.0
3.5563941624881363,1.0253169264101885,32.61754148344392,799,0.1,0.0
3.557062340271151,1.1503954871425572,31.82729896798256,800,0.1,0.0
